<?xml version="1.0" encoding="UTF-8"?>
<actions>
    <action>
        <actionName>CUSTOM-running</actionName>
        <displayName>running</displayName>
    </action>
    <action>
        <actionName>run</actionName>
        <preAction>build-with-dependencies</preAction>
        <packagings>
            <packaging>jar</packaging>
        </packagings>
        <goals>
            <goal>process-classes</goal>
            <goal>org.codehaus.mojo:exec-maven-plugin:3.0.0:exec</goal>
        </goals>
        <properties>
            <exec.args>-classpath %classpath ${packageClassName}</exec.args>
            <exec.executable>java</exec.executable>
        </properties>
    </action>
</actions>
